date,start_bal,start_eq,min_eq,end_bal,end_eq,entries
2025.01.06,10000.00,10000.00,9804.25,9804.25,9804.25,1
2025.01.07,9804.25,9804.25,9595.93,10008.55,10008.55,2
2025.01.08,10008.55,10008.55,9975.01,10016.35,10016.35,1
2025.01.09,10016.35,10016.35,9933.02,10020.25,10020.25,1
2025.01.10,10020.25,10020.25,9823.57,9823.57,9823.57,1
2025.01.13,9823.57,9823.57,9616.26,9718.86,9812.10,2
2025.01.14,9718.86,9812.10,9722.29,9722.29,9722.29,0
2025.01.15,9722.29,9722.29,9718.69,9823.87,9823.87,2
2025.01.16,9823.87,9823.87,9798.49,10212.95,10269.99,2
2025.01.17,10212.95,10269.99,10007.27,10007.27,10007.27,1
2025.01.20,10007.27,10007.27,9841.12,10007.27,9890.96,2
2025.01.21,10007.27,9890.96,9815.64,10586.54,10586.54,0
2025.01.22,10586.54,10586.54,10302.18,10377.78,10272.78,2
2025.01.23,10377.78,10272.78,9947.16,9947.16,9947.16,1
2025.01.24,9947.16,9947.16,9947.16,9947.16,9947.16,0
2025.01.27,9947.16,9947.16,9756.19,9756.19,9756.19,1
2025.01.28,9756.19,9756.19,9752.28,9843.95,9989.61,2
2025.01.29,9843.95,9989.61,9836.45,9836.45,9836.45,0
2025.01.30,9836.45,9836.45,9820.25,10139.05,10139.05,1
2025.01.31,10139.05,10139.05,10131.57,10245.35,10245.35,2
2025.02.03,10245.35,10245.35,10235.65,10354.25,10428.77,2
2025.02.04,10354.25,10428.77,10377.35,10552.50,10552.50,0
2025.02.05,10552.50,10552.50,10539.52,10649.90,10649.90,1
2025.02.06,10649.90,10649.90,10649.90,10649.90,10649.90,0
2025.02.07,10649.90,10649.90,10361.58,10541.36,10541.36,2
2025.02.10,10541.36,10541.36,10522.22,10644.31,10749.73,1
2025.02.11,10644.31,10749.73,10672.75,10672.75,10672.75,1
2025.02.12,10672.75,10672.75,10604.80,10675.45,10675.45,1
2025.02.13,10675.45,10675.45,10504.56,10675.45,10755.72,2
2025.02.14,10675.45,10755.72,10723.98,10864.43,10864.43,0
2025.02.17,10864.43,10864.43,10864.43,10864.43,10864.43,0
2025.02.18,10864.43,10864.43,10756.43,11291.99,11441.75,2
2025.02.19,11291.99,11441.75,11367.65,11617.48,11617.48,1
2025.02.20,11617.48,11617.48,11180.03,11180.03,11180.03,2
2025.02.21,11180.03,11180.03,11180.03,11180.03,11180.03,0
2025.02.24,11180.03,11180.03,11013.03,11185.43,11214.53,2
2025.02.25,11185.43,11214.53,10974.63,10974.63,10974.63,0
2025.02.26,10974.63,10974.63,10725.03,10980.63,10980.63,2
2025.02.27,10980.63,10980.63,10881.18,10984.53,10984.53,1
2025.02.28,10984.53,10984.53,10913.03,11090.43,11090.43,1
2025.03.03,11090.43,11090.43,10973.07,11090.43,11111.79,1
2025.03.04,11090.43,11111.79,11010.03,11414.67,11422.04,1
2025.03.05,11414.67,11422.04,10981.51,10981.51,10981.51,1
2025.03.06,10981.51,10981.51,10962.79,11079.67,11079.67,1
2025.03.07,11079.67,11079.67,10719.05,10719.05,10719.05,2
2025.03.10,10719.05,10719.05,10719.05,10719.05,10719.05,0
2025.03.11,10719.05,10719.05,10677.77,10719.05,10750.73,1
2025.03.12,10719.05,10750.73,10506.41,10506.41,10506.41,1
2025.03.13,10506.41,10506.41,10375.16,10827.93,10827.93,2
2025.03.14,10827.93,10827.93,10718.86,10827.93,10744.34,1
2025.03.17,10827.93,10744.34,10657.38,10824.03,10891.86,2
2025.03.18,10824.03,10891.86,10869.99,11443.43,11443.43,0
2025.03.19,11443.43,11443.43,11102.85,11346.24,11419.04,2
2025.03.20,11346.24,11419.04,11335.74,11335.74,11335.74,0
2025.03.21,11335.74,11335.74,11179.50,11669.28,11669.28,1
2025.03.24,11669.28,11669.28,11514.44,11782.68,11863.95,1
2025.03.25,11782.68,11863.95,11659.97,11901.21,11901.21,1
2025.03.26,11901.21,11901.21,11868.65,11912.31,11912.31,2
2025.03.27,11912.31,11912.31,11871.45,12035.79,12035.79,1
2025.03.28,12035.79,12035.79,11797.55,11797.55,11797.55,1
2025.03.31,11797.55,11797.55,11672.09,11797.55,11873.78,1
2025.04.01,11797.55,11873.78,11851.46,11899.13,11899.13,0
2025.04.02,11899.13,11899.13,11899.13,11899.13,11899.13,0
2025.04.03,11899.13,11899.13,11875.03,11900.63,11900.63,1
2025.04.04,11900.63,11900.63,11890.31,12216.26,12216.26,1
2025.04.07,12216.26,12216.26,12193.58,12216.26,12291.90,1
2025.04.08,12216.26,12291.90,12218.22,12218.22,12218.22,0
2025.04.09,12218.22,12218.22,12189.06,12334.02,12461.28,1
2025.04.10,12334.02,12461.28,12425.13,12556.35,12556.35,0
2025.04.11,12556.35,12556.35,12449.49,12556.35,12564.27,1
2025.04.14,12556.35,12564.27,12347.13,12556.35,12446.85,0
2025.04.15,12556.35,12446.85,12267.15,12556.35,12549.00,1
2025.04.16,12556.35,12549.00,12533.70,13289.95,13289.95,0
2025.04.17,13289.95,13289.95,13067.47,13293.55,13044.01,2
2025.04.21,13293.55,13044.01,13027.27,13058.53,13058.53,0
2025.04.22,13058.53,13058.53,13058.53,13058.53,13058.53,0
2025.04.23,13058.53,13058.53,13046.45,13058.53,13149.01,1
2025.04.24,13058.53,13149.01,12816.85,13062.01,13204.84,1
2025.04.25,13062.01,13204.84,13174.55,13174.55,13174.55,0
2025.04.28,13174.55,13174.55,12917.75,12917.75,12917.75,1
2025.04.29,12917.75,12917.75,12771.51,12917.75,12898.95,1
2025.04.30,12917.75,12898.95,12788.71,13053.11,13053.11,0
2025.05.01,13053.11,13053.11,12924.41,13053.11,12931.31,1
2025.05.02,13053.11,12931.31,12821.51,12821.51,12821.51,0
2025.05.05,12821.51,12821.51,12815.75,12938.59,13202.84,1
2025.05.06,12938.59,13202.84,13137.39,13217.94,13217.94,0
2025.05.07,13217.94,13217.94,12987.78,13217.94,12989.30,1
2025.05.08,13217.94,12989.30,12980.58,13208.04,13208.04,1
2025.05.09,13208.04,13208.04,13054.32,13211.64,13040.07,2
2025.05.12,13211.64,13040.07,12776.52,12968.53,12968.53,0
2025.05.13,12968.53,12968.53,12574.11,12968.53,12686.17,2
2025.05.14,12968.53,12686.17,12586.33,13195.21,13548.99,0
2025.05.15,13195.21,13548.99,13444.06,13690.49,13690.49,0
2025.05.16,13690.49,13690.49,13528.01,13690.49,13432.61,1
2025.05.19,13690.49,13432.61,13411.79,13454.09,13454.09,0
2025.05.20,13454.09,13454.09,13399.79,13852.99,13852.99,1
2025.05.21,13852.99,13852.99,13759.49,13852.99,13862.39,1
2025.05.22,13852.99,13862.39,13861.49,13974.34,13974.34,0
2025.05.23,13974.34,13974.34,13953.60,14253.06,14627.55,2
2025.05.26,14253.06,14627.55,14335.59,14253.06,14501.55,0
2025.05.27,14253.06,14501.55,14244.96,14244.96,14244.96,0
2025.05.28,14244.96,14244.96,13967.40,13967.40,13967.40,1
2025.05.29,13967.40,13967.40,13884.45,13967.40,13969.08,1
2025.05.30,13967.40,13969.08,13711.13,13711.13,13711.13,0
2025.06.02,13711.13,13711.13,13708.82,14128.52,14128.52,1
2025.06.03,14128.52,14128.52,14028.52,14128.52,14053.42,1
2025.06.04,14128.52,14053.42,13858.12,13858.12,13858.12,0
2025.06.05,13858.12,13858.12,13839.37,13995.32,13995.32,2
2025.06.06,13995.32,13995.32,13718.48,13718.48,13718.48,1
2025.06.09,13718.48,13718.48,13641.68,13724.48,13724.48,1
2025.06.10,13724.48,13724.48,13636.28,13728.08,13728.08,1
2025.06.11,13728.08,13728.08,13469.90,13731.98,13731.98,1
2025.06.12,13731.98,13731.98,13706.94,13865.62,13959.66,2
2025.06.13,13865.62,13959.66,13889.58,14262.38,14532.42,0
2025.06.16,14262.38,14532.42,14451.54,14525.90,14525.90,0
2025.06.17,14525.90,14525.90,14291.27,14525.90,14400.06,1
2025.06.18,14525.90,14400.06,14264.78,14238.38,14352.89,1
2025.06.19,14238.38,14352.89,14162.49,14250.04,14235.42,1
2025.06.20,14250.04,14235.42,14205.33,14384.93,14384.93,0
2025.06.23,14384.93,14384.93,14107.87,14107.87,14107.87,1
2025.06.24,14107.87,14107.87,14023.31,14110.27,14110.27,1
2025.06.25,14110.27,14110.27,14019.31,14259.87,14259.87,2
2025.06.26,14259.87,14259.87,13975.39,13975.39,13975.39,1
2025.06.27,13975.39,13975.39,13894.75,14108.95,14186.65,1
2025.06.30,14108.95,14186.65,14111.89,14111.89,14111.89,0
2025.07.01,14111.89,14111.89,14053.99,14239.01,14310.69,1
2025.07.02,14239.01,14310.69,14117.51,14364.36,14471.24,1
2025.07.03,14364.36,14471.24,13998.94,14072.92,14051.23,2
2025.07.04,14072.92,14051.23,13872.94,14072.92,13876.39,1
2025.07.07,14072.92,13876.39,13804.93,13811.68,13811.68,0
2025.07.08,13811.68,13811.68,13710.24,14340.26,14444.02,2
2025.07.09,14340.26,14444.02,14334.06,14344.18,14343.96,1
2025.07.10,14344.18,14343.96,14327.68,14327.68,14327.68,0
2025.07.11,14327.68,14327.68,14167.20,14460.16,14651.41,1
2025.07.14,14460.16,14651.41,14386.19,14901.90,14901.90,1
2025.07.15,14901.90,14901.90,14611.10,14611.10,14611.10,1
2025.07.16,14611.10,14611.10,14036.57,14036.57,14036.57,2
2025.07.17,14036.57,14036.57,13927.13,14041.37,14041.37,1
2025.07.18,14041.37,14041.37,13802.18,13894.63,13969.54,2
2025.07.21,13894.63,13969.54,13918.17,14584.86,14584.86,1
2025.07.22,14584.86,14584.86,14433.06,15031.11,15031.11,1
2025.07.23,15031.11,15031.11,14899.11,15038.61,15174.46,2
2025.07.24,15038.61,15174.46,15106.34,15492.16,15492.16,0
2025.07.25,15492.16,15492.16,15460.70,15954.27,15954.27,1
2025.07.28,15954.27,15954.27,15824.25,16416.38,16416.38,1
2025.07.29,16416.38,16416.38,16096.50,16096.50,16096.50,1
2025.07.30,16096.50,16096.50,16050.26,16563.78,16563.78,1
2025.07.31,16563.78,16563.78,16563.78,16563.78,16563.78,0
2025.08.01,16563.78,16563.78,15919.87,15919.87,15919.87,2
2025.08.04,15919.87,15919.87,15728.62,15919.87,15779.77,1
2025.08.05,15919.87,15779.77,15282.62,15282.62,15282.62,1
2025.08.06,15282.62,15282.62,14983.16,14983.16,14983.16,1
2025.08.07,14983.16,14983.16,14513.08,14513.08,14513.08,2
2025.08.08,14513.08,14513.08,14228.80,14228.80,14228.80,1
2025.08.11,14228.80,14228.80,14170.60,14228.80,14393.00,1
2025.08.12,14228.80,14393.00,14003.73,14379.95,14446.85,1
2025.08.13,14379.95,14446.85,14383.35,14383.35,14383.35,0
2025.08.14,14383.35,14383.35,14133.85,14536.35,14825.83,2
2025.08.15,14536.35,14825.83,14563.62,14542.72,14702.33,0
2025.08.18,14542.72,14702.33,14517.61,14548.21,14607.01,2
2025.08.19,14548.21,14607.01,14198.11,14693.24,14866.60,1
2025.08.20,14693.24,14866.60,14698.68,14698.68,14698.68,0
2025.08.21,14698.68,14698.68,14537.68,14568.06,14568.06,2
2025.08.22,14568.06,14568.06,14277.31,14277.31,14277.31,1
2025.08.25,14277.31,14277.31,14084.71,14429.59,14429.59,1
2025.08.26,14429.59,14429.59,14298.91,14570.44,14700.40,1
2025.08.27,14570.44,14700.40,14542.36,14567.74,14902.14,2
2025.08.28,14567.74,14902.14,14479.57,14523.04,14523.04,1
2025.08.29,14523.04,14523.04,14376.64,14944.48,14944.48,1
2025.09.01,14944.48,14944.48,14944.48,14944.48,14944.48,0
2025.09.02,14944.48,14944.48,14778.30,15383.80,15383.80,1
2025.09.03,15383.80,15383.80,15383.80,15383.80,15383.80,0
2025.09.04,15383.80,15383.80,15260.44,15383.80,15287.44,1
2025.09.05,15383.80,15287.44,15219.40,15525.58,15686.32,0
2025.09.08,15525.58,15686.32,15672.52,15976.71,16151.92,1
2025.09.09,15976.71,16151.92,16102.22,16288.42,16288.42,0
2025.09.10,16288.42,16288.42,16004.08,16288.42,16075.76,1
2025.09.11,16288.42,16075.76,15952.84,15952.84,15952.84,0
2025.09.12,15952.84,15952.84,15720.10,15952.84,15771.04,1
2025.09.15,15952.84,15771.04,15442.92,16092.32,16092.32,1
2025.09.16,16092.32,16092.32,15827.72,16092.32,16011.50,1
2025.09.17,16092.32,16011.50,15767.24,15767.24,15767.24,0
2025.09.18,15767.24,15767.24,15767.24,15767.24,15767.24,0
2025.09.19,15767.24,15767.24,15267.75,16076.52,16521.89,2
2025.09.22,16076.52,16521.89,16488.06,16712.26,16712.26,0
2025.09.23,16712.26,16712.26,16709.79,16716.16,16716.16,1
2025.09.24,16716.16,16716.16,16076.40,16076.40,16076.40,2
2025.09.25,16076.40,16076.40,15561.34,15776.50,15657.81,2
2025.09.26,15776.50,15657.81,15465.38,15465.38,15465.38,1
2025.09.29,15465.38,15465.38,15430.55,15465.38,15713.60,1
2025.09.30,15465.38,15713.60,15598.24,15598.24,15598.24,0
2025.10.01,15598.24,15598.24,15595.12,15601.84,15601.84,1
2025.10.02,15601.84,15601.84,15505.69,15753.53,15753.53,2
2025.10.03,15753.53,15753.53,15570.49,15921.53,16086.49,2
2025.10.06,15921.53,16086.49,16062.49,16227.53,16431.13,1
2025.10.07,16227.53,16431.13,16400.88,16396.48,16615.28,1
2025.10.08,16396.48,16615.28,16612.13,16706.43,16706.43,0
2025.10.09,16706.43,16706.43,16412.95,16412.95,16412.95,2
2025.10.10,16412.95,16412.95,16163.40,16412.95,16341.02,2
2025.10.13,16412.95,16341.02,16313.56,16551.92,16551.92,0
2025.10.14,16551.92,16551.92,16319.77,16551.92,16624.17,2
2025.10.15,16551.92,16624.17,16610.47,16811.52,17246.25,0
2025.10.16,16811.52,17246.25,17189.85,17569.11,17569.11,0
2025.10.17,17569.11,17569.11,17569.11,17569.11,17569.11,0
2025.10.20,17569.11,17569.11,17487.87,17911.29,18356.61,2
2025.10.21,17911.29,18356.61,17909.49,17909.49,17909.49,0
2025.10.22,17909.49,17909.49,17780.01,17909.49,17837.52,1
2025.10.23,17909.49,17837.52,17303.40,17554.53,17385.00,1
2025.10.24,17554.53,17385.00,17335.47,17556.63,17463.15,1
2025.10.27,17556.63,17463.15,17442.99,17722.50,18169.71,1
2025.10.28,17722.50,18169.71,17954.79,18156.55,18390.21,0
2025.10.29,18156.55,18390.21,18019.53,17835.31,18119.13,1
2025.10.30,17835.31,18119.13,17868.42,17835.31,18058.94,1
2025.10.31,17835.31,18058.94,17905.95,17833.81,18017.79,0
2025.11.03,17833.81,18017.79,17765.68,17833.81,17805.73,1
2025.11.04,17833.81,17805.73,17627.96,17483.74,17765.98,0
2025.11.05,17483.74,17765.98,17648.70,17483.74,17672.14,0
2025.11.06,17483.74,17672.14,17298.44,17141.72,17336.74,1
2025.11.07,17141.72,17336.74,17069.61,17145.02,17292.26,1
2025.11.10,17145.02,17292.26,17135.00,17309.76,17491.88,1
2025.11.11,17309.76,17491.88,17488.76,17613.00,17613.00,0
2025.11.12,17613.00,17613.00,17584.27,18123.77,18123.77,1
2025.11.13,18123.77,18123.77,18113.53,18126.17,18126.17,1
2025.11.14,18126.17,18126.17,17770.01,17770.01,17770.01,1
2025.11.17,17770.01,17770.01,17311.32,18121.86,18311.85,2
2025.11.18,18121.86,18311.85,18121.11,18121.11,18121.11,1
2025.11.19,18121.11,18121.11,17963.34,18123.81,18123.81,1
2025.11.20,18123.81,18123.81,17879.31,18123.81,18073.17,1
2025.11.21,18123.81,18073.17,17791.38,17791.38,17791.38,1
2025.11.24,17791.38,17791.38,17750.28,17959.08,18168.03,1
2025.11.25,17959.08,18168.03,17757.27,18286.83,18147.31,1
2025.11.26,18286.83,18147.31,18136.67,18284.43,18269.94,1
2025.11.27,18284.43,18269.94,18062.76,18284.43,18188.22,0
2025.11.28,18284.43,18188.22,18109.92,18592.76,19204.57,2
2025.12.01,18592.76,19204.57,19097.96,19346.30,19346.30,0
2025.12.02,19346.30,19346.30,19043.34,19346.30,19081.35,1
2025.12.03,19346.30,19081.35,18990.07,18990.07,18990.07,0
2025.12.04,18990.07,18990.07,18490.77,18638.37,18553.77,2
2025.12.05,18638.37,18553.77,18441.45,18955.97,18955.97,1
2025.12.08,18955.97,18955.97,18817.79,19147.14,19258.09,1
2025.12.09,19147.14,19258.09,19015.21,19150.57,19091.05,1
2025.12.10,19150.57,19091.05,18414.93,18414.93,18414.93,1
2025.12.11,18414.93,18414.93,18105.33,19488.59,19488.59,2
2025.12.12,19488.59,19488.59,19463.76,19664.99,19664.99,1
2025.12.15,19664.99,19664.99,19282.03,19282.03,19282.03,1
2025.12.16,19282.03,19282.03,19282.03,19282.03,19282.03,0
2025.12.17,19282.03,19282.03,19039.26,19282.03,19235.83,1
2025.12.18,19282.03,19235.83,18902.75,18902.75,18902.75,0
2025.12.19,18902.75,18902.75,18741.61,18902.75,18769.19,1
2025.12.22,18902.75,18769.19,18753.79,19436.85,19436.85,0
2025.12.23,19436.85,19436.85,19409.75,19637.30,19771.55,1
2025.12.24,19637.30,19771.55,19249.85,19249.85,19249.85,1
2025.12.26,19249.85,19249.85,19249.85,19249.85,19249.85,0
2025.12.29,19249.85,19249.85,19207.25,19790.30,19790.30,1
2025.12.30,19790.30,19790.30,19790.30,19790.30,19790.30,0
2025.12.31,19790.30,19790.30,19357.40,19076.12,19076.12,2
2026.01.02,19076.12,19076.12,19076.12,19076.12,19076.12,0
2026.01.05,19076.12,19076.12,19042.10,19076.12,19178.25,1
2026.01.06,19076.12,19178.25,19000.80,19228.07,19452.15,0
2026.01.07,19228.07,19452.15,19035.11,19224.47,19112.96,1
2026.01.08,19224.47,19112.96,19057.61,19232.30,19232.30,0
2026.01.09,19232.30,19232.30,19054.99,19825.46,19825.46,1
2026.01.12,19825.46,19825.46,19825.46,19825.46,19825.46,0
2026.01.13,19825.46,19825.46,19774.29,20020.16,20020.16,1
2026.01.14,20020.16,20020.16,19673.48,20020.16,19941.95,1
2026.01.15,20020.16,19941.95,19617.86,19617.86,19617.86,0
2026.01.16,19617.86,19617.86,19617.86,19617.86,19617.86,0
2026.01.19,19617.86,19617.86,19617.86,19617.86,19617.86,0
2026.01.20,19617.86,19617.86,19498.65,19806.86,20154.90,1
2026.01.21,19806.86,20154.90,20106.04,20216.29,20216.29,0
2026.01.22,20216.29,20216.29,20082.79,20607.82,21182.99,2
2026.01.23,20607.82,21182.99,20990.52,21555.01,21949.71,1
2026.01.26,21555.01,21949.71,21846.06,21972.61,21972.61,0
2026.01.27,21972.61,21972.61,21526.51,22321.63,22845.37,2
2026.01.28,22321.63,22845.37,22714.39,23495.68,23847.88,1
2026.01.29,23495.68,23847.88,23727.39,23970.79,23767.71,1
2026.01.30,23970.79,23767.71,23702.48,23970.79,24372.70,0
2026.02.02,23970.79,24372.70,24268.65,24602.75,24602.75,1
2026.02.03,24602.75,24602.75,24583.97,24603.35,24603.35,1
2026.02.04,24603.35,24603.35,24603.35,24603.35,24603.35,0
2026.02.05,24603.35,24603.35,24394.47,24603.35,24865.31,1
2026.02.06,24603.35,24865.31,24839.15,24849.89,24849.89,0
2026.02.09,24849.89,24849.89,24666.05,24849.89,24872.69,2
2026.02.10,24849.89,24872.69,24164.78,24399.41,24399.41,1
2026.02.11,24399.41,24399.41,24133.54,24133.54,24133.54,2
2026.02.12,24133.54,24133.54,23694.18,23694.18,23694.18,1
2026.02.13,23694.18,23694.18,23250.96,23250.96,23250.96,1
2026.02.16,23250.96,23250.96,22936.73,23250.96,23113.34,1
2026.02.17,23250.96,23113.34,22485.29,22821.35,22840.65,2
2026.02.18,22821.35,22840.65,22423.87,22561.58,22706.93,1
2026.02.19,22561.58,22706.93,22234.05,22565.18,22817.43,1
2026.02.20,22565.18,22817.43,22744.93,23017.88,23017.88,1
2026.02.23,23017.88,23017.88,22875.32,23017.88,23284.12,1
2026.02.24,23017.88,23284.12,23240.52,23240.52,23240.52,0
2026.02.25,23240.52,23240.52,22496.66,23240.52,22733.26,2
2026.02.26,23240.52,22733.26,22370.20,22370.20,22370.20,0
2026.02.27,22370.20,22370.20,22072.00,22598.20,23489.90,2
2026.03.02,22598.20,23489.90,22604.15,22604.15,22604.15,1
2026.03.03,22604.15,22604.15,22561.95,23261.04,23261.04,1
2026.03.04,23261.04,23261.04,23261.04,23261.04,23261.04,0
2026.03.05,23261.04,23261.04,23261.04,23261.04,23261.04,0
2026.03.06,23261.04,23261.04,22813.44,22813.44,22813.44,1
2026.03.09,22813.44,22813.44,22447.74,22813.44,22501.02,1
2026.03.10,22813.44,22501.02,21725.41,21725.41,21725.41,2
2026.03.11,21725.41,21725.41,21585.09,21725.41,21635.73,1
2026.03.12,21725.41,21635.73,21592.05,21732.37,21732.37,0
2026.03.13,21732.37,21732.37,21461.25,21934.97,22269.61,1
2026.03.16,21934.97,22269.61,21965.03,22333.25,22183.85,2
2026.03.17,22333.25,22183.85,21650.45,22333.25,22205.41,0
2026.03.18,22333.25,22205.41,22042.45,23615.03,23615.03,0
2026.03.19,23615.03,23615.03,23512.18,24275.61,24275.61,1
2026.03.20,24275.61,24275.61,24043.71,25728.40,25728.40,2
2026.03.23,25728.40,25728.40,25724.12,25729.00,25729.00,1
2026.03.24,25729.00,25729.00,25729.00,25729.00,25729.00,0
2026.03.25,25729.00,25729.00,25729.00,25729.00,25729.00,0
2026.03.26,25729.00,25729.00,25525.05,25729.00,26085.64,2
2026.03.27,25729.00,26085.64,25293.09,25293.09,25293.09,0
2026.03.30,25293.09,25293.09,25256.14,25294.59,25294.59,1
2026.03.31,25294.59,25294.59,25294.59,25294.59,25294.59,0
2026.04.01,25294.59,25294.59,25163.67,25294.59,25459.71,1
2026.04.02,25294.59,25459.71,25285.59,25285.59,25285.59,0
2026.04.06,25285.59,25285.59,25069.53,25285.59,25087.47,2
2026.04.07,25285.59,25087.47,24435.69,24832.53,24413.85,0
2026.04.08,24832.53,24413.85,24259.89,24383.79,24383.79,0
2026.04.09,24383.79,24383.79,24131.61,24386.49,24470.64,2
2026.04.10,24386.49,24470.64,24102.36,24383.79,23121.63,1
2026.04.13,24383.79,23121.63,23118.03,23923.26,23923.26,0
2026.04.14,23923.26,23923.26,23615.06,24150.31,24829.19,2
2026.04.15,24150.31,24829.19,24746.87,24801.57,24801.57,0
2026.04.16,24801.57,24801.57,24322.69,24322.69,24322.69,1
2026.04.17,24322.69,24322.69,23868.60,23868.60,23868.60,1
2026.04.20,23868.60,23868.60,23868.60,23868.60,23868.60,0
2026.04.21,23868.60,23868.60,23756.02,23872.50,23872.50,1
2026.04.22,23872.50,23872.50,23554.25,23878.20,23878.20,1
2026.04.23,23878.20,23878.20,23401.23,23401.23,23401.23,1
2026.04.24,23401.23,23401.23,22945.42,22945.42,22945.42,1
2026.04.27,22945.42,22945.42,22934.78,23193.64,23330.84,1
2026.04.28,23193.64,23330.84,23068.94,23868.98,23868.98,1
2026.04.29,23868.98,23868.98,23716.38,24567.98,24567.98,1
2026.04.30,24567.98,24567.98,24519.38,24821.43,24993.63,1
2026.05.01,24821.43,24993.63,24819.93,24819.93,24819.93,0
2026.05.04,24819.93,24819.93,24786.61,25816.06,25816.06,2
2026.05.05,25816.06,25816.06,25480.66,25816.06,25560.58,1
2026.05.06,25816.06,25560.58,25406.86,26549.38,26549.38,0
2026.05.07,26549.38,26549.38,26339.14,26552.98,26552.98,1
2026.05.08,26552.98,26552.98,25754.05,26552.98,25271.97,2
2026.05.11,26552.98,25271.97,25216.31,25506.36,25506.36,0
2026.05.12,25506.36,25506.36,25342.02,25767.06,25767.06,1
2026.05.13,25767.06,25767.06,25767.06,25767.06,25767.06,0
2026.05.14,25767.06,25767.06,25279.32,25279.32,25279.32,1
2026.05.15,25279.32,25279.32,24977.62,25282.32,25282.32,1
2026.05.18,25282.32,25282.32,25282.32,25282.32,25282.32,0
2026.05.19,25282.32,25282.32,25101.37,25499.67,25790.61,1
2026.05.20,25499.67,25790.61,25502.61,25502.61,25502.61,0
2026.05.21,25502.61,25502.61,24675.41,24675.41,24675.41,2
2026.05.22,24675.41,24675.41,24404.81,24679.61,24705.89,2
2026.05.25,24679.61,24705.89,24561.29,24926.33,25173.11,0
2026.05.26,24926.33,25173.11,24653.96,24920.93,24594.56,1
2026.05.27,24920.93,24594.56,24581.03,25883.63,26058.53,1
2026.05.28,25883.63,26058.53,26001.59,26424.65,26424.65,0
2026.05.29,26424.65,26424.65,26213.75,27241.85,27241.85,1
2026.06.01,27241.85,27241.85,27083.93,27507.15,27617.47,1
2026.06.02,27507.15,27617.47,27510.58,27510.58,27510.58,0
2026.06.03,27510.58,27510.58,27234.43,27767.29,28036.89,2
2026.06.04,27767.29,28036.89,27501.85,27777.85,27777.85,1
2026.06.05,27777.85,27777.85,27674.11,27989.17,28297.53,1
2026.06.08,27989.17,28297.53,28200.05,27989.17,28290.73,0
2026.06.09,27989.17,28290.73,28163.37,28551.81,28551.81,0
2026.06.10,28551.81,28551.81,28241.81,28811.49,29122.09,1
2026.06.11,28811.49,29122.09,28818.87,28818.87,28818.87,1
2026.06.12,28818.87,28818.87,28818.87,28818.87,28818.87,0
2026.06.15,28818.87,28818.87,28818.87,28818.87,28818.87,0
2026.06.16,28818.87,28818.87,28724.52,28829.97,28829.97,2
2026.06.17,28829.97,28829.97,28642.63,29110.98,29110.98,2
2026.06.18,29110.98,29110.98,28659.28,29110.98,29865.64,2
2026.06.19,29110.98,29865.64,29817.58,30216.30,30713.02,0
2026.06.22,30216.30,30713.02,30402.14,30216.30,30515.46,0
2026.06.23,30216.30,30515.46,30459.38,30809.34,30887.34,1
2026.06.24,30809.34,30887.34,30851.07,31761.84,31761.84,0
2026.06.25,31761.84,31761.84,30713.04,31135.94,30868.94,2
2026.06.26,31135.94,30868.94,30554.04,30554.04,30554.04,0
2026.06.29,30554.04,30554.04,30400.14,30559.74,30559.74,1
2026.06.30,30559.74,30559.74,30321.26,30563.04,30563.04,1
2026.07.01,30563.04,30563.04,30290.49,31502.44,31502.44,1
2026.07.02,31502.44,31502.44,31238.40,31832.35,32171.50,1
2026.07.03,31832.35,32171.50,32142.24,32433.86,32433.86,0
2026.07.06,32433.86,32433.86,32433.86,32433.86,32433.86,0
2026.07.07,32433.86,32433.86,31815.62,31815.62,31815.62,1
2026.07.08,31815.62,31815.62,31501.52,31815.62,31638.86,1
2026.07.09,31815.62,31638.86,31232.33,31232.33,31232.33,0
2026.07.10,31232.33,31232.33,30800.91,31238.93,31238.93,1
2026.07.13,31238.93,31238.93,31079.33,32450.35,32752.05,2
2026.07.14,32450.35,32752.05,31819.86,31819.86,31819.86,1
2026.07.15,31819.86,31819.86,31196.64,31196.64,31196.64,1
2026.07.16,31196.64,31196.64,30873.04,31508.24,32031.24,1
2026.07.17,31508.24,32031.24,31512.10,31512.10,31512.10,2
2026.07.20,31512.10,31512.10,31512.10,31512.10,31512.10,0
2026.07.21,31512.10,31512.10,30928.32,31512.10,31696.39,2
2026.07.22,31512.10,31696.39,31613.95,33384.40,33384.40,0
2026.07.23,33384.40,33384.40,33312.66,33710.64,34137.87,1
2026.07.24,33710.64,34137.87,33831.42,33710.64,33749.16,0
2026.07.27,33710.64,33749.16,33703.98,33716.76,33716.76,0
2026.07.28,33716.76,33716.76,33186.78,33716.76,33626.12,1
2026.07.29,33716.76,33626.12,33172.70,33734.74,33734.74,1
2026.07.30,33734.74,33734.74,33094.10,33734.74,33542.02,2
2026.07.31,33734.74,33542.02,32453.86,32453.86,32453.86,0
2026.08.03,32453.86,32453.86,32038.18,32453.86,32138.18,1
2026.08.04,32453.86,32138.18,31189.56,31189.56,31189.56,1
2026.08.05,31189.56,31189.56,31110.00,31487.28,31881.17,1
2026.08.06,31487.28,31881.17,31868.57,32144.51,32144.51,0
2026.08.07,32144.51,32144.51,32136.53,33083.77,33083.77,1
2026.08.10,33083.77,33083.77,32933.01,33089.17,33564.69,2
2026.08.11,33089.17,33564.69,33401.81,33401.81,33401.81,0
2026.08.12,33401.81,33401.81,32871.41,33406.61,33406.61,1
2026.08.13,33406.61,33406.61,32918.06,33406.61,33681.86,1
2026.08.14,33406.61,33681.86,33491.81,33729.59,33846.39,1
2026.08.17,33729.59,33846.39,33614.87,34055.59,34392.39,0
2026.08.18,34055.59,34392.39,33866.31,34048.39,34542.15,1
2026.08.19,34048.39,34542.15,34355.75,34393.91,34393.91,0
2026.08.20,34393.91,34393.91,33705.39,34096.91,34408.99,2
2026.08.21,34096.91,34408.99,34307.23,35047.20,35270.80,1
2026.08.24,35047.20,35270.80,35125.44,35764.08,35764.08,0
2026.08.25,35764.08,35764.08,35764.08,35764.08,35764.08,0
2026.08.26,35764.08,35764.08,35656.72,35764.08,35885.04,1
2026.08.27,35764.08,35885.04,35131.28,35778.00,35778.00,0
2026.08.28,35778.00,35778.00,35506.41,36166.78,36166.78,1
2026.08.31,36166.78,36166.78,36166.78,36166.78,36166.78,0
2026.09.01,36166.78,36166.78,35834.26,37268.60,37268.60,1
2026.09.02,37268.60,37268.60,36989.62,37268.60,37319.17,1
2026.09.03,37268.60,37319.17,37187.74,38373.78,38373.78,0
2026.09.04,38373.78,38373.78,36878.55,36878.55,36878.55,2
2026.09.07,36878.55,36878.55,36374.01,36878.55,36607.65,1
2026.09.08,36878.55,36607.65,35953.20,36513.15,36816.51,1
2026.09.09,36513.15,36816.51,36517.07,36517.07,36517.07,0
2026.09.10,36517.07,36517.07,35826.83,35826.83,35826.83,1
2026.09.11,35826.83,35826.83,35480.15,35834.93,35834.93,1
2026.09.14,35834.93,35834.93,35766.47,36546.13,36752.86,2
2026.09.15,36546.13,36752.86,35948.20,35845.60,36106.42,1
2026.09.16,35845.60,36106.42,35783.13,35857.42,35857.42,1
2026.09.17,35857.42,35857.42,35654.29,35857.42,35978.11,1
2026.09.18,35857.42,35978.11,35913.13,35857.42,36264.22,0
2026.09.21,35857.42,36264.22,35849.32,35849.32,35849.32,0
2026.09.22,35849.32,35849.32,35833.12,35854.72,35854.72,1
